{"timestamp": 1774707663.833709, "latency": 0.002862691879272461, "risk": 0.1, "action": "allow"}
{"timestamp": 1774707731.6366925, "latency": 0.0028879642486572266, "risk": 0.1, "action": "allow"}
{"timestamp": 1774707731.8224576, "latency": 0.0025484561920166016, "risk": 0.1, "action": "allow"}
{"timestamp": 1774707732.0202234, "latency": 0.002695798873901367, "risk": 0.1, "action": "allow"}
{"timestamp": 1774707732.2002647, "latency": 0.0021753311157226562, "risk": 0.1, "action": "allow"}
{"timestamp": 1774707733.3704298, "latency": 1.0077085494995117, "risk": 0.5, "action": "throttle"}
{"timestamp": 1774707735.167839, "latency": 1.005544662475586, "risk": 0.5, "action": "throttle"}
{"timestamp": 1774707736.869787, "latency": 1.00675368309021, "risk": 0.5, "action": "throttle"}
{"timestamp": 1774707738.4913874, "latency": 1.0043916702270508, "risk": 0.5, "action": "throttle"}
{"timestamp": 1774707752.0891469, "latency": 0.0022602081298828125, "risk": 0.1, "action": "allow"}
{"timestamp": 1774707752.2659144, "latency": 0.0022034645080566406, "risk": 0.1, "action": "allow"}
{"timestamp": 1774707752.947638, "latency": 0.002318859100341797, "risk": 0.1, "action": "allow"}
{"timestamp": 1774707753.5079567, "latency": 0.002203702926635742, "risk": 0.1, "action": "allow"}
{"timestamp": 1774707754.692555, "latency": 1.0040700435638428, "risk": 0.5, "action": "throttle"}
{"timestamp": 1774707757.6194766, "latency": 1.0052638053894043, "risk": 0.5, "action": "throttle"}
{"timestamp": 1774707759.2168407, "latency": 1.0035805702209473, "risk": 0.5, "action": "throttle"}
{"timestamp": 1774707761.1249473, "latency": 1.0067789554595947, "risk": 0.5, "action": "throttle"}
{"timestamp": 1774707762.7649584, "latency": 1.005176067352295, "risk": 0.5, "action": "throttle"}
{"timestamp": 1774707764.075749, "latency": 1.0023918151855469, "risk": 0.5, "action": "throttle"}
{"timestamp": 1774707765.4343038, "latency": 1.0080053806304932, "risk": 0.5, "action": "throttle"}
{"timestamp": 1774707766.672074, "latency": 1.0043797492980957, "risk": 0.5, "action": "throttle"}
{"timestamp": 1774707768.0909586, "latency": 1.0100975036621094, "risk": 0.5, "action": "throttle"}
{"timestamp": 1774707769.4611983, "latency": 1.0044543743133545, "risk": 0.5, "action": "throttle"}
{"timestamp": 1774707771.0373542, "latency": 1.0042057037353516, "risk": 0.5, "action": "throttle"}
{"timestamp": 1774707772.5749922, "latency": 1.0037939548492432, "risk": 0.5, "action": "throttle"}
{"timestamp": 1774707774.3313155, "latency": 1.0052683353424072, "risk": 0.5, "action": "throttle"}
{"timestamp": 1774707776.1445353, "latency": 1.0040051937103271, "risk": 0.5, "action": "throttle"}
{"timestamp": 1774707778.3653858, "latency": 1.0040953159332275, "risk": 0.5, "action": "throttle"}
{"timestamp": 1774707780.1118796, "latency": 1.0036451816558838, "risk": 0.5, "action": "throttle"}
{"timestamp": 1774707782.5127308, "latency": 1.0043482780456543, "risk": 0.5, "action": "throttle"}
{"timestamp": 1774707783.8237338, "latency": 1.0034489631652832, "risk": 0.5, "action": "throttle"}
{"timestamp": 1774707785.4909532, "latency": 1.0054514408111572, "risk": 0.5, "action": "throttle"}
{"timestamp": 1774707787.1688683, "latency": 1.0023934841156006, "risk": 0.5, "action": "throttle"}
{"timestamp": 1774707788.8364987, "latency": 1.0063562393188477, "risk": 0.5, "action": "throttle"}
{"timestamp": 1774707790.7486248, "latency": 1.0036041736602783, "risk": 0.5, "action": "throttle"}
{"timestamp": 1774707792.0022933, "latency": 1.00848388671875, "risk": 0.5, "action": "throttle"}
{"timestamp": 1774707793.0442026, "latency": 1.0049357414245605, "risk": 0.5, "action": "throttle"}
{"timestamp": 1774707794.7239676, "latency": 1.0061674118041992, "risk": 0.5, "action": "throttle"}
{"timestamp": 1774707796.2664766, "latency": 1.0058419704437256, "risk": 0.5, "action": "throttle"}
{"timestamp": 1774707797.9508352, "latency": 1.0054385662078857, "risk": 0.5, "action": "throttle"}
{"timestamp": 1774707799.8738122, "latency": 1.00284743309021, "risk": 0.5, "action": "throttle"}
